{"cameraMode":{"drawMode":0,"name":"Shaded","section":"Shading Mode"},"sceneLighting":false,"audioPlay":false,"sceneViewState":{"m_AlwaysRefresh":false,"showFog":true,"showSkybox":false,"showFlares":true,"showImageEffects":true,"showParticleSystems":true,"showVisualEffectGraphs":true,"m_FxEnabled":false},"in2DMode":false,"pivot":{"x":16.214515686035158,"y":0.9267967343330383,"z":10.03034496307373},"rotation":{"x":0.24896113574504853,"y":0.24656181037425996,"z":-0.0656985342502594,"w":0.9343664646148682},"size":1.4071249961853028,"orthographic":false}