{"cameraMode":{"drawMode":0,"name":"Shaded","section":"Shading Mode"},"sceneLighting":false,"audioPlay":false,"sceneViewState":{"m_AlwaysRefresh":false,"showFog":true,"showSkybox":false,"showFlares":true,"showImageEffects":true,"showParticleSystems":true,"showVisualEffectGraphs":true,"m_FxEnabled":true},"in2DMode":false,"pivot":{"x":0.20452533662319184,"y":1.705145001411438,"z":11.254561424255371},"rotation":{"x":-0.38277268409729006,"y":-0.04793507233262062,"z":0.019864656031131746,"w":-0.9224992394447327},"size":2.1852216720581056,"orthographic":false}