{"cameraMode":{"drawMode":0,"name":"Shaded","section":"Shading Mode"},"sceneLighting":true,"audioPlay":false,"sceneViewState":{"m_AlwaysRefresh":false,"showFog":true,"showSkybox":true,"showFlares":true,"showImageEffects":true,"showParticleSystems":true,"showVisualEffectGraphs":true,"m_FxEnabled":false},"in2DMode":false,"pivot":{"x":75.36245727539063,"y":64.25170135498047,"z":3.52923583984375},"rotation":{"x":0.14141753315925599,"y":0.014850938692688942,"z":-0.002117992378771305,"w":0.989902913570404},"size":122.59272766113281,"orthographic":false}