{"cameraMode":{"drawMode":0,"name":"Shaded","section":"Shading Mode"},"sceneLighting":false,"audioPlay":false,"sceneViewState":{"m_AlwaysRefresh":false,"showFog":true,"showSkybox":false,"showFlares":true,"showImageEffects":true,"showParticleSystems":true,"showVisualEffectGraphs":true,"m_FxEnabled":false},"in2DMode":false,"pivot":{"x":0.36278966069221499,"y":1.0379085540771485,"z":10.287315368652344},"rotation":{"x":0.5068603157997131,"y":0.031019706279039384,"z":-0.01825820840895176,"w":0.8613179922103882},"size":2.9737846851348879,"orthographic":false}